method,group,n,recall@1,recall@10,mAP
sscd,TYPE:full,4000,0.99175,0.99875,0.9945262297065578
sscd,TYPE:partial,500,0.118,0.272,0.17126612841358058
sscd,TF:contrast,500,0.994,0.998,0.9958484848484848
sscd,TF:crop80,500,0.996,0.998,0.9970526315789474
sscd,TF:flip_h,500,1.0,1.0,1.0
sscd,TF:jpeg40,500,0.966,0.994,0.975642054558364
sscd,TF:partial,500,0.118,0.272,0.17126612841358058
sscd,TF:rescale70,500,1.0,1.0,1.0
sscd,TF:rot180,500,0.99,1.0,0.9943333333333333
sscd,TF:rot270,500,0.994,1.0,0.997
sscd,TF:rot90,500,0.994,1.0,0.9963333333333333
sscd,MOD:Blot/Gel,2250,0.8968888888888888,0.9204444444444444,0.9047128823696862
sscd,MOD:Microscopy,2250,0.8924444444444445,0.9155555555555556,0.9013928878672124
sscd,GLOBAL,4500,0.8946666666666667,0.918,0.9030528851184493
